,RowNumber,ID,CreditScore,Pais,Sexo,Edad,Permanencia,Balance,NumProductos,TieneTarjeta,Activo,SalarioEstimado
4,4,15701354,699,France,Female,39,1,0,2,0,0,93826.63
7,7,15592531,822,France,Male,50,7,0,2,1,1,10062.8
9,9,15792365,501,France,Male,44,4,142051.07,2,0,1,74940.5
16,16,15643966,616,Germany,Male,45,3,143129.41,2,0,1,64327.26
27,27,15736816,756,Germany,Male,36,2,136815.64,1,1,1,170041.95
43,43,15687946,556,France,Female,61,2,117419.35,1,1,1,94153.83
57,57,15630053,656,France,Male,45,5,127864.4,1,1,0,87107.57
58,58,15647091,725,Germany,Male,19,0,75888.2,1,0,0,45613.75
63,63,15702014,555,Spain,Male,33,1,56084.69,2,0,0,178798.13
68,68,15641582,735,Germany,Male,43,10,123180.01,2,1,1,196673.28
78,78,15662085,678,France,Female,32,9,0,1,1,1,148210.64
91,91,15757535,647,Spain,Female,44,5,0,3,1,1,174205.22
97,97,15738721,773,Spain,Male,41,9,102827.44,1,0,1,64595.25
111,111,15803526,685,Germany,Male,30,3,90536.81,1,0,1,63082.88
115,115,15609618,721,Germany,Male,28,9,154475.54,2,0,1,101300.94
116,116,15675522,628,Germany,Female,30,9,132351.29,2,1,1,74169.13
142,142,15724944,663,France,Male,34,7,0,2,1,1,180427.24
147,147,15705707,635,Spain,Female,29,8,138296.94,2,1,0,141075.51
150,150,15794413,416,France,Male,32,0,0,2,0,1,878.87
152,152,15759618,535,France,Female,48,9,0,1,1,0,149892.79
173,173,15651022,480,Germany,Male,44,10,129608.57,1,1,0,5472.7
180,180,15625426,754,Germany,Female,55,3,161608.81,1,1,0,8080.85
185,185,15719377,804,France,Female,50,4,0,1,1,1,8546.87
191,191,15726931,715,France,Female,41,8,56214.85,2,0,0,92982.61
202,202,15622911,759,France,Male,42,4,105420.18,1,0,1,121409.06
209,209,15684181,643,France,Male,45,5,0,1,1,0,142513.5
230,230,15605461,594,Germany,Female,29,3,130830.22,1,1,0,61048.53
231,231,15808473,673,France,Male,72,1,0,2,0,1,111981.19
239,239,15794056,668,France,Female,46,2,0,3,1,0,89048.46
242,242,15651001,725,Germany,Female,39,5,116803.8,1,1,0,124052.97
266,266,15813163,531,Spain,Female,36,9,99240.51,1,1,0,123137.01
282,282,15669169,775,Spain,Male,29,10,0,2,1,1,68143.93
301,301,15803976,694,France,Female,31,10,0,2,1,0,160990.27
303,303,15695699,687,France,Male,35,8,0,2,1,0,10334.05
310,310,15746726,438,Germany,Male,31,8,78398.69,1,1,0,44937.01
319,319,15677512,628,Spain,Female,22,3,0,1,1,0,85426.28
324,324,15585215,763,France,Female,31,4,0,2,0,0,50404.72
338,338,15648064,649,France,Male,33,2,0,2,1,0,2010.98
380,380,15629677,687,Spain,Female,39,2,0,3,0,0,188150.6
388,388,15776433,730,Spain,Male,62,2,0,2,1,1,186489.95
393,393,15573456,648,Spain,Male,46,9,127209,2,1,0,77405.95
396,396,15807432,645,Germany,Female,37,2,136925.09,2,0,1,153400.24
435,435,15799384,683,France,Male,33,8,0,1,0,0,73564.44
447,447,15730460,722,France,Male,37,2,0,1,0,0,120906.83
449,449,15694860,675,France,Female,38,6,68065.8,1,0,0,138777
452,452,15785798,850,France,Male,40,9,0,2,0,1,119232.33
472,472,15683625,703,France,Male,37,1,149762.08,1,1,0,20629.4
498,498,15733616,806,France,Male,40,5,80613.93,1,1,1,142838.64
503,503,15714485,774,France,Male,60,5,85891.55,1,1,0,74135.48
506,506,15576623,584,France,Male,31,5,0,2,1,0,31474.27
513,513,15782236,735,Spain,Male,34,5,0,2,0,0,71095.41
526,526,15786063,776,France,Female,31,2,0,2,1,1,112349.51
530,530,15694272,673,France,Male,30,1,64097.75,1,1,1,77783.35
552,552,15657284,674,Germany,Male,47,6,106901.94,1,1,1,2079.2
555,555,15711309,574,Germany,Male,33,3,129834.67,1,1,0,193131.42
569,569,15795564,737,Germany,Male,31,5,121192.22,2,1,1,74890.58
575,575,15644753,848,Spain,Male,40,3,110929.96,1,1,1,30876.84
583,583,15576352,586,Spain,Female,57,3,0,2,0,1,6057.81
587,587,15722010,621,Spain,Male,53,9,170491.84,1,1,0,35588.07
599,599,15637476,683,Germany,Female,57,5,162448.69,1,0,0,9221.78
623,623,15636444,535,Germany,Female,53,5,141616.55,2,1,1,75888.65
627,627,15626900,427,France,Male,29,1,141325.56,1,1,1,93839.3
666,666,15645772,661,France,Male,33,9,0,2,1,1,84174.81
671,671,15576368,624,Germany,Female,48,3,122388.38,2,0,0,30020.09
674,674,15745621,640,Spain,Female,32,6,118879.35,2,1,1,19131.71
677,677,15607040,593,Spain,Female,38,4,88736.44,2,1,0,67020.03
680,680,15668886,684,Spain,Female,38,3,0,2,1,0,44255.65
684,684,15786905,749,Germany,Female,40,8,141782.57,2,0,0,86333.63
699,699,15669516,746,Spain,Male,36,2,0,2,1,1,16436.56
710,710,15734886,686,France,Female,34,3,123971.51,2,1,0,147794.63
712,712,15650288,634,Germany,Male,35,6,116269.01,1,1,0,129964.94
723,723,15736879,669,France,Male,23,1,0,2,0,0,66088.83
733,733,15723873,657,Spain,Male,31,3,125167.02,1,0,0,98820.39
744,744,15641675,611,France,Female,49,2,88915.37,3,0,0,161435.02
753,753,15677305,490,France,Female,35,7,107749.03,1,1,1,3937.37
756,756,15660101,803,France,Male,31,9,157120.86,2,1,0,141300.53
771,771,15584091,742,Germany,Female,36,2,129748.54,2,0,0,47271.61
789,789,15600739,562,Spain,Female,35,0,0,2,1,0,119899.52
801,801,15747542,605,France,Male,52,7,0,2,1,1,173952.5
810,810,15778463,657,France,Female,37,6,95845.6,1,1,0,122218.23
826,826,15660602,464,Germany,Male,33,8,164284.72,2,1,1,3710.34
845,845,15806983,640,France,Male,44,3,137148.68,1,1,0,92381.01
853,853,15677610,511,Germany,Female,41,8,153895.65,1,1,1,39087.42
854,854,15745012,653,France,Female,43,6,0,2,1,1,7330.59
869,869,15646810,603,Germany,Male,44,6,108122.39,2,1,0,108488.33
871,871,15799422,535,France,Female,40,8,0,1,1,1,27689.77
872,872,15692750,629,Germany,Female,45,7,129818.39,3,1,0,9217.55
884,884,15743007,643,France,Female,45,4,45144.43,1,1,0,60917.24
895,895,15669987,728,Germany,Female,35,8,125884.95,2,1,0,54359.02
916,916,15775625,596,France,Male,47,6,0,1,1,0,74835.65
917,917,15792328,475,France,Male,39,6,0,1,1,1,56999.9
923,923,15753337,555,France,Male,51,5,0,3,1,0,189122.89
956,956,15571002,706,France,Female,44,4,129605.99,1,0,0,69865.49
986,986,15756475,551,Germany,Male,31,9,82293.82,2,1,1,91565.25
999,999,15659557,811,Germany,Female,28,4,167738.82,2,1,1,9903.42
1008,1008,15573086,564,France,Male,42,7,99824.45,1,1,1,36721.4
1012,1012,15698442,719,Spain,Male,35,3,122964.88,1,1,1,138231.7
1019,1019,15602010,850,Germany,Female,45,5,103909.86,1,1,0,60083.11
1035,1035,15689176,663,France,Male,46,3,0,2,0,1,176276.1
1037,1037,15668958,521,France,Male,30,2,107316.09,1,1,0,64299.82
1039,1039,15581479,523,France,Male,30,1,83181.29,1,1,1,138176.78
1040,1040,15577478,714,France,Female,72,3,0,1,1,1,86733.61
1053,1053,15623471,607,Germany,Male,38,3,98205.77,1,1,0,176318.27
1054,1054,15798348,600,Spain,Female,50,6,94684.27,1,1,1,50488.91
1056,1056,15769499,545,Spain,Female,74,3,0,2,1,1,161326.73
1057,1057,15798521,675,Spain,Male,33,3,0,2,1,0,45348.08
1065,1065,15699598,723,France,Female,20,4,0,2,1,1,140385.33
1072,1072,15586970,695,Germany,Male,52,8,103023.26,1,1,1,22485.64
1088,1088,15696098,498,France,Female,31,10,0,2,1,0,13892.57
1089,1089,15645517,850,Spain,Male,22,2,0,2,1,1,9684.52
1100,1100,15673055,494,Spain,Male,38,7,0,2,1,1,6203.66
1101,1101,15768201,850,France,Female,39,2,148586.64,1,1,1,176791.27
1107,1107,15618182,678,France,Female,38,2,0,2,0,0,115068.99
1111,1111,15592229,713,France,Female,52,0,185891.54,1,1,1,46369.57
1119,1119,15759381,617,Spain,Male,61,7,91070.43,1,1,1,101839.77
1122,1122,15672704,809,France,Female,24,4,0,2,1,0,193518.76
1130,1130,15685309,669,France,Female,35,7,0,1,1,1,49108.23
1133,1133,15762110,628,France,Male,37,0,0,2,1,1,171707.93
1150,1150,15773906,655,France,Male,38,4,0,2,0,0,110527.71
1160,1160,15690664,729,Spain,Male,37,10,0,2,1,0,100862.54
1166,1166,15723907,712,Germany,Female,49,5,154776.42,2,0,0,196257.68
1174,1174,15808182,478,Spain,Female,36,3,92363.3,2,1,0,44912.7
1176,1176,15721292,719,Spain,Male,39,5,0,2,1,0,145759.7
1191,1191,15636935,797,France,Female,29,1,0,2,1,1,132975.39
1199,1199,15678058,584,France,Male,38,9,104584.16,1,1,0,176678.72
1209,1209,15616451,697,France,Female,47,6,128252.66,1,1,1,168053.4
1223,1223,15616280,536,France,Male,46,1,65733.41,1,1,0,61094.53
1242,1242,15760774,519,France,Female,21,1,146329.57,2,1,1,194867.27
1245,1245,15616709,587,Germany,Female,38,0,132122.42,2,0,0,31730.32
1259,1259,15740494,633,France,Female,33,3,0,2,1,0,191111.02
1264,1264,15726557,638,France,Female,42,7,165679.92,1,0,0,32916.29
1266,1266,15662291,534,France,Female,55,8,116973.26,3,1,0,122066.5
1298,1298,15793247,498,France,Male,34,5,0,2,1,1,91711.66
1299,1299,15572360,683,France,Male,30,10,57657.49,1,0,0,79240.9
1302,1302,15800856,643,Spain,Male,34,3,83132.09,1,1,1,21360.88
1330,1330,15645572,743,France,Female,40,6,0,1,1,0,28280.8
1334,1334,15734942,539,Germany,Female,38,8,82407.51,1,1,0,13123.41
1348,1348,15668445,521,France,Male,37,2,0,2,1,1,86372.24
1351,1351,15613141,717,France,Female,41,3,135756.96,1,1,1,103706.41
1388,1388,15674526,725,France,Male,66,4,86459.8,1,1,1,141476.56
1397,1397,15748797,636,Spain,Female,33,0,0,1,1,0,92277.47
1415,1415,15620507,485,Germany,Female,30,5,156771.68,1,1,1,141148.21
1439,1439,15574068,504,Germany,Male,56,9,104217.3,1,0,0,55857.48
1441,1441,15796334,558,Germany,Male,39,10,144757.02,1,1,0,22878.16
1442,1442,15688713,627,Spain,Male,44,6,0,1,1,1,114469.55
1443,1443,15796179,683,France,Male,43,8,0,1,1,0,96754.8
1457,1457,15789546,639,Spain,Male,28,8,0,2,1,0,126561.07
1482,1482,15583748,592,Spain,Male,38,8,0,2,1,0,180426.2
1492,1492,15634891,504,Germany,Female,43,7,102365.49,1,1,0,194690.77
1496,1496,15580845,685,Germany,Male,57,7,101868.51,1,0,1,113483.96
1505,1505,15791302,741,France,Male,32,8,0,2,1,0,143598.7
1511,1511,15786199,535,France,Male,33,2,133040.32,1,1,1,110299.78
1516,1516,15602497,850,Spain,Male,39,6,133214.13,1,0,1,20769.88
1533,1533,15589660,661,Germany,Female,32,1,145980.23,1,0,1,56636.28
1536,1536,15614818,764,Spain,Female,33,9,168964.77,1,0,1,118982.51
1543,1543,15690678,530,France,Female,33,4,129307.32,1,1,1,172930.28
1581,1581,15793881,721,France,Female,35,6,118273.83,1,0,1,3086.89
1583,1583,15631072,690,France,Male,38,1,94456,2,0,1,55034.02
1597,1597,15765520,769,Germany,Male,27,7,188614.07,1,1,0,171344.09
1603,1603,15751158,571,France,Female,42,4,108825.34,3,1,0,55558.51
1604,1604,15593470,576,Germany,Female,36,8,166287.85,1,1,1,23305.85
1605,1605,15695129,718,France,Female,31,1,152663.77,1,0,1,17128.64
1612,1612,15781553,760,Germany,Female,49,9,91502.99,1,1,0,117232.9
1639,1639,15571550,699,France,Male,39,9,0,1,1,0,80963.92
1640,1640,15723053,504,Germany,Male,32,8,170291.22,2,0,1,15658.99
1653,1653,15675501,616,France,Male,59,5,153861.1,1,1,1,17699.48
1660,1660,15741429,680,Spain,Female,31,9,119825.75,2,1,1,101139.3
1661,1661,15682356,655,France,Female,37,7,111852.84,2,1,0,10511.13
1676,1676,15658459,784,Spain,Male,33,10,0,2,1,0,162022.47
1685,1685,15572093,613,France,Female,24,7,140453.91,1,1,0,129001.3
1686,1686,15713826,613,Germany,Female,20,0,117356.19,1,0,0,113557.7
1690,1690,15700854,595,Spain,Male,35,8,0,1,1,0,100015.79
1709,1709,15772892,699,France,Female,49,2,0,1,0,0,105760.01
1740,1740,15730639,715,France,Male,23,7,139224.92,2,1,0,65057.71
1743,1743,15578603,584,Germany,Female,54,1,77354.37,1,0,0,138192.98
1745,1745,15682533,850,France,Female,39,7,79259.99,1,0,1,186910.74
1752,1752,15632256,541,France,Male,29,7,127504.57,1,0,0,86173.92
1755,1755,15802501,724,Germany,Male,33,5,103564.83,2,1,0,121085.72
1769,1769,15770525,760,Spain,Male,28,1,141038.57,2,0,0,16287.38
1772,1772,15633260,600,France,Male,37,1,142663.46,1,0,1,88669.89
1794,1794,15777922,629,Spain,Male,36,1,161757.87,2,1,1,146371.72
1802,1802,15774931,452,France,Male,30,7,112935.87,1,1,1,99017.34
1804,1804,15707078,577,France,Female,26,1,180530.51,1,0,0,123454.62
1820,1820,15712319,714,Spain,Male,45,8,150900.29,2,0,1,139889.15
1830,1830,15605275,725,Germany,Male,45,8,116917.07,1,0,0,173464.43
1846,1846,15589076,737,France,Male,36,9,0,1,0,1,188670.9
1854,1854,15633574,730,France,Female,41,4,167545.32,1,1,0,128246.81
1859,1859,15780746,705,France,Male,61,4,0,2,1,1,191313.7
1862,1862,15786852,565,Germany,Female,38,2,158651.29,2,1,1,179445.28
1865,1865,15805312,607,France,Male,45,7,123859.6,1,0,1,113051.57
1874,1874,15766686,659,Germany,Female,39,1,104502.11,1,1,0,20652.69
1907,1907,15608387,786,France,Female,29,4,0,2,1,0,103372.79
1921,1921,15723720,591,France,Female,31,7,0,2,0,1,48778.46
1927,1927,15716023,693,France,Male,31,1,0,2,0,1,182270.88
1939,1939,15594902,518,France,Male,38,3,90957.81,1,0,1,162304.59
1940,1940,15799710,739,France,Male,37,7,104960.46,1,0,1,80883.82
1952,1952,15589793,604,France,Male,53,8,144453.75,1,1,0,190998.96
1954,1954,15675190,623,France,Male,21,10,0,2,0,1,135851.3
1979,1979,15792329,494,Germany,Male,37,5,107106.33,2,1,0,172063.09
1982,1982,15630913,476,Spain,Female,69,1,105303.73,1,0,1,134260.34
1985,1985,15737605,531,Spain,Female,45,1,126495.57,2,1,1,164741.5
1990,1990,15622454,695,Spain,Male,28,0,96020.86,1,1,1,57992.49
1994,1994,15787189,824,Germany,Male,60,8,134250.17,3,0,0,153046.16
2001,2001,15613656,842,France,Male,58,1,63492.94,1,1,1,83172.19
2017,2017,15633612,696,France,Male,28,4,172646.82,1,1,1,116471.43
2045,2045,15566494,487,France,Male,45,2,0,2,1,0,77475.73
2051,2051,15797160,492,France,Female,49,8,0,1,1,1,182865.09
2057,2057,15577078,539,Spain,Male,38,6,0,1,1,1,152880.07
2062,2062,15710295,445,Germany,Female,38,6,119413.62,2,1,0,175756.36
2064,2064,15571305,588,Germany,Female,35,1,103060.63,1,1,0,179866.01
2071,2071,15750684,719,France,Female,42,4,0,1,1,0,28465.86
2076,2076,15741385,710,Germany,Male,45,9,108231.37,1,1,1,188574.08
2085,2085,15668669,423,France,Female,36,5,97665.61,1,1,0,118372.55
2101,2101,15804814,759,France,Male,40,4,0,2,1,0,124615.59
2103,2103,15802351,755,Germany,Female,33,6,90560.3,2,1,1,42607.69
2123,2123,15732740,765,Spain,Female,32,9,178095.55,1,0,0,47247.56
2124,2124,15723320,651,Germany,Female,25,2,109175.14,2,1,0,114566.47
2126,2126,15777923,544,France,Female,45,6,0,2,0,1,151401.33
2127,2127,15735719,790,France,Female,40,9,0,2,1,1,70607.1
2146,2146,15639322,633,Spain,Male,33,4,137847.41,2,1,0,98349.13
2148,2148,15574167,665,France,Male,33,2,101286.11,1,1,1,159840.51
2172,2172,15747174,526,Germany,Male,58,9,190298.89,2,1,1,191263.76
2201,2201,15641114,701,France,Male,37,8,130091.5,1,1,1,120031.29
2218,2218,15610337,666,Spain,Male,35,2,104832.49,1,1,0,175015.12
2224,2224,15615575,722,France,Male,34,8,0,2,1,1,133447.49
2238,2238,15639077,622,France,Female,30,2,158584.82,3,1,0,142342.55
2247,2247,15800326,717,Spain,Female,39,6,0,2,1,0,93275.61
2262,2262,15681402,763,Germany,Female,61,1,66101.89,1,1,1,143981.27
2307,2307,15602034,697,France,Female,34,2,126558.92,1,1,0,73334.43
2326,2326,15612193,762,Spain,Male,29,10,115545.33,2,1,0,148256.43
2331,2331,15806332,484,Spain,Female,39,5,0,2,1,1,175224.12
2345,2345,15642345,714,Germany,Female,49,4,93059.34,1,1,0,7571.51
2348,2348,15746708,589,Germany,Male,55,7,119961.48,1,1,0,65156.83
2359,2359,15665438,669,France,Male,43,1,163159.85,1,0,1,15602.8
2361,2361,15670205,518,Germany,Female,41,5,110624.99,1,1,0,89327.67
2366,2366,15751057,701,Germany,Male,32,5,102500.34,1,0,0,106287.77
2408,2408,15579130,708,Germany,Female,43,0,118994.84,1,1,0,181499.77
2410,2410,15735522,654,Germany,Male,37,2,145610.07,2,0,0,186300.59
2418,2418,15800845,732,Spain,Female,33,8,111379.55,1,1,1,45098.62
2423,2423,15607837,746,France,Female,29,4,105599.67,1,1,1,43106.17
2424,2424,15714877,662,France,Female,29,10,0,2,1,0,137508.31
2433,2433,15769064,537,Germany,Male,39,3,135309.36,1,1,0,31728.86
2437,2437,15592645,704,Spain,Male,37,4,0,2,0,0,25684.93
2446,2446,15654409,665,France,Female,34,5,67816.72,1,1,1,29641.58
2458,2458,15641629,537,Spain,Female,38,1,0,2,0,1,41233.97
2468,2468,15716518,617,France,Female,27,4,0,2,0,0,190269.21
2472,2472,15595537,626,Germany,Male,49,9,171787.84,2,1,0,187192.23
2483,2483,15672610,567,Spain,Male,40,4,118628.8,1,0,0,91973.63
2487,2487,15745001,683,Spain,Female,36,7,0,2,1,0,104786.59
2493,2493,15778155,520,Germany,Female,31,3,108914.17,1,1,1,183572.39
2494,2494,15715920,782,Spain,Male,23,10,98052.66,1,1,1,142587.32
2503,2503,15782659,527,France,Male,32,0,0,1,1,0,109523.88
2522,2522,15739068,638,Germany,Male,25,4,148045.45,2,1,1,114722.42
2525,2525,15726490,782,Spain,Male,52,4,0,1,1,1,52759.82
2540,2540,15569571,584,Germany,Female,46,6,87361.02,2,1,0,120376.87
2543,2543,15791102,549,Germany,Male,41,9,95020.8,3,1,1,131710.59
2555,2555,15739357,756,Spain,Male,30,2,145127.85,1,0,0,7554.68
2563,2563,15646566,763,France,Female,58,9,187911.55,1,0,1,35825.18
2592,2592,15790846,634,Germany,Male,38,2,148430.55,1,1,1,56055.72
2599,2599,15765812,587,Spain,Male,48,1,0,2,1,1,8908
2606,2606,15620398,635,Spain,Female,34,5,98683.47,2,1,0,15733.19
2624,2624,15653696,515,France,Female,28,9,0,2,0,0,94141.75
2631,2631,15600879,554,Germany,Female,36,3,157780.93,2,1,0,6089.13
2633,2633,15716000,638,Spain,Male,48,2,0,2,1,1,7919.08
2641,2641,15622117,625,Spain,Female,31,8,0,2,1,0,151843.54
2646,2646,15765322,755,France,Male,23,5,84284.48,2,1,1,62851.6
2651,2651,15813439,587,France,Male,33,5,100116.82,1,1,0,34215.58
2656,2656,15643658,850,Germany,Male,53,2,94078.97,2,1,0,36980.54
2678,2678,15733297,518,France,Female,38,10,84764.79,1,1,1,162253.9
2706,2706,15585835,655,Spain,Female,34,4,109783.69,2,1,0,134034.32
2708,2708,15628203,637,France,Female,38,3,104339.56,1,0,0,119882.86
2716,2716,15682547,649,France,Male,38,1,122214,1,0,1,88965.46
2739,2739,15662098,650,Spain,Male,41,3,128808.65,3,0,0,113677.53
2760,2760,15575214,709,France,Male,37,7,0,1,1,0,159486.76
2765,2765,15597265,660,France,Male,38,7,0,2,0,1,146585.53
2770,2770,15730433,580,Germany,Female,38,1,128218.47,1,1,0,125953.83
2779,2779,15761141,604,Spain,Female,71,10,0,2,1,1,129984.2
2791,2791,15595883,540,Germany,Male,39,4,127278.31,1,1,1,16150.34
2812,2812,15699550,695,Spain,Female,34,9,0,2,1,1,67502.12
2814,2814,15600934,758,France,Female,52,7,125095.94,1,1,0,171189.83
2829,2829,15716449,527,Spain,Male,33,9,132168.28,1,0,0,98734.15
2833,2833,15758171,582,France,Male,20,4,0,1,1,1,55763.66
2845,2845,15757521,606,France,Male,35,2,132164.26,1,0,1,164815.59
2846,2846,15812513,599,Germany,Male,45,10,103583.05,1,1,0,132127.69
2855,2855,15646609,748,France,Male,33,1,142645.43,1,0,0,69132.66
2862,2862,15711398,525,France,Female,25,6,0,2,1,0,89566.64
2868,2868,15654211,559,Spain,Female,27,1,0,1,0,1,1050.33
2871,2871,15651093,707,France,Female,55,1,0,2,0,1,54409.48
2872,2872,15798824,671,Spain,Male,38,0,92674.94,2,1,0,3647.57
2905,2905,15598044,715,France,Female,35,3,0,1,1,1,152012.36
2909,2909,15570769,494,France,Male,69,9,93320.8,1,1,1,24489.44
2914,2914,15697686,787,France,Female,40,6,0,2,1,1,84151.98
2924,2924,15631159,705,Germany,Male,41,4,72252.64,2,1,1,142514.66
2933,2933,15724858,688,France,Female,54,9,0,1,1,0,191212.63
2952,2952,15671655,763,Germany,Male,31,7,143966.3,2,1,1,140262.96
2957,2957,15642885,792,France,Male,30,8,0,2,1,0,199644.2
2988,2988,15682268,676,Germany,Female,26,1,108348.66,1,0,0,60231.74
2997,2997,15575694,729,Spain,Female,45,7,91091.06,2,1,0,71133.12
3002,3002,15675949,696,Spain,Female,43,4,0,2,1,1,66406.37
3005,3005,15706185,596,Germany,Male,47,5,140187.1,2,1,1,174311.3
3007,3007,15720943,747,France,Female,45,1,114959.12,1,1,0,189362.39
3011,3011,15619653,666,France,Male,47,2,0,1,1,0,35046.97
3037,3037,15610403,659,France,Male,43,1,106086.42,2,1,0,26900.63
3040,3040,15666141,829,Spain,Female,26,8,101440.36,2,1,1,19324.5
3078,3078,15673367,587,Germany,Male,33,6,132603.36,1,1,0,55775.72
3080,3080,15774727,757,Germany,Female,34,1,129398.01,2,0,0,44965.44
3088,3088,15715160,439,France,Male,36,2,165536.28,2,1,1,123956.83
3096,3096,15680243,792,France,Male,19,7,143390.51,1,1,0,33282.84
3111,3111,15707596,546,Germany,Female,74,8,114888.74,2,1,1,66732.63
3112,3112,15657163,623,Germany,Male,42,1,149332.48,2,1,0,100834.22
3131,3131,15813113,795,Spain,Female,56,5,0,1,1,0,35418.69
3132,3132,15614187,648,Germany,Female,39,3,126935.98,2,0,1,57995.74
3139,3139,15701537,756,France,Male,60,2,0,1,1,1,166513.49
3170,3170,15688172,677,Spain,Male,40,5,0,2,1,0,88947.56
3180,3180,15685536,552,France,Female,34,5,0,2,1,1,1351.41
3183,3183,15638646,669,France,Female,43,1,160474.59,1,1,1,95963.14
3203,3203,15598070,564,France,Female,33,4,135946.26,1,1,0,63170
3213,3213,15747097,611,France,Male,35,10,0,1,1,1,23598.23
3216,3216,15684861,726,France,Female,32,8,0,2,0,0,185075.63
3224,3224,15695679,776,Spain,Male,39,2,104349.45,1,0,0,79503.05
3234,3234,15601550,595,Spain,Male,36,6,85768.42,1,1,1,24802.77
3237,3237,15810800,673,Spain,Female,32,0,0,1,1,1,72873.33
3259,3259,15577514,698,Germany,Female,36,7,121263.62,1,1,1,13387.88
3262,3262,15768293,614,France,Male,51,3,0,2,1,1,5552.37
3263,3263,15654456,511,Germany,Male,48,6,149726.08,1,0,0,88307.87
3288,3288,15668521,693,France,Male,37,1,0,2,1,1,82867.55
3290,3290,15592570,773,Spain,Female,23,8,0,2,1,0,56759.79
3291,3291,15748589,736,France,Female,30,9,0,2,1,0,34180.33
3292,3292,15635893,693,France,Female,28,8,0,2,1,1,158545.25
3299,3299,15670587,558,Germany,Male,25,10,111363.1,2,1,0,197264.35
3300,3300,15724527,825,France,Male,34,9,0,2,1,1,31933.06
3321,3321,15672242,712,France,Male,24,2,0,1,0,1,121232.51
3353,3353,15767414,591,France,Male,40,2,99886.42,2,1,1,88695.19
3371,3371,15749905,698,Spain,Female,47,6,0,1,1,0,50213.81
3376,3376,15733234,777,France,Female,58,4,0,1,1,1,62449.07
3387,3387,15582016,766,Spain,Male,41,6,99208.46,2,1,0,62402.38
3389,3389,15588622,599,Germany,Male,25,7,108380.72,1,1,1,79005.95
3390,3390,15724863,420,Spain,Female,55,4,91893.32,1,1,0,144870.28
3393,3393,15725429,623,Germany,Male,33,8,96759.42,1,1,1,174777.98
3398,3398,15691624,820,France,Male,33,2,132150.26,2,1,0,23067.97
3402,3402,15588923,591,France,Female,33,4,113743.37,1,1,0,124625.08
3411,3411,15595937,430,Germany,Male,36,1,138992.48,2,0,0,122373.42
3412,3412,15815628,711,France,Female,37,8,113899.92,1,0,0,80215.2
3413,3413,15782802,582,Germany,Male,26,6,114450.32,1,1,1,14081.64
3420,3420,15684103,674,France,Female,26,10,0,2,1,1,138423.1
3474,3474,15627840,682,France,Female,42,0,0,1,0,1,91981.85
3480,3480,15743714,468,France,Male,46,7,91443.75,1,1,0,10958.18
3514,3514,15801395,790,France,Female,33,10,135120.72,1,0,0,195204.99
3522,3522,15812706,627,Spain,Male,49,4,111087.5,1,0,1,146680.25
3544,3544,15801218,675,France,Male,49,8,135133.39,1,0,1,179521.24
3576,3576,15625151,640,France,Female,66,9,116037.76,1,0,1,184636.05
3587,3587,15652626,826,France,Male,55,4,115285.85,1,1,0,140126.17
3598,3598,15671630,796,Germany,Female,40,1,99745.95,1,1,0,177524.19
3614,3614,15770159,664,Germany,Male,25,6,172812.72,2,1,1,108008.65
3637,3637,15730469,663,Spain,Male,31,4,103430.11,2,0,1,36479.27
3650,3650,15745355,597,France,Male,41,4,153198.23,1,1,1,92090.36
3676,3676,15791743,727,France,Male,32,1,59271.82,1,1,1,46019.43
3690,3690,15790829,703,France,Female,45,5,0,2,1,0,131906.44
3696,3696,15757628,571,France,Male,40,10,112896.86,1,1,1,121402.53
3699,3699,15717935,589,France,Female,21,3,0,2,0,1,55601.44
3706,3706,15769645,612,France,Female,35,3,0,1,1,1,48108.72
3707,3707,15657565,629,Spain,Female,44,6,125512.98,2,0,0,79082.76
3733,3733,15689598,722,France,Male,46,6,0,1,1,1,93917.68
3745,3745,15718507,647,Germany,Male,37,3,116509.99,1,1,1,149517.71
3753,3753,15810385,717,Spain,Female,36,2,164557.95,1,0,1,82336.73
3756,3756,15620030,744,France,Male,29,1,0,1,0,0,82422.97
3758,3758,15679284,593,Spain,Female,45,6,79259.75,1,1,0,55347.28
3768,3768,15765952,769,France,Male,29,4,145471.37,1,1,0,188382.77
3777,3777,15652218,750,France,Male,33,2,152302.72,1,1,0,71333.44
3786,3786,15803842,752,Germany,Female,45,3,105426.5,2,0,1,89773.45
3792,3792,15795151,705,France,Female,38,3,123894.43,1,1,0,21177.1
3794,3794,15584037,727,Germany,Male,58,5,106913.43,1,1,0,25881
3799,3799,15621834,700,Spain,Female,43,0,0,2,1,0,59475.35
3802,3802,15653997,699,Spain,Male,31,6,114493.68,1,0,0,138396.32
3812,3812,15589428,756,France,Female,42,9,0,2,1,0,35673.42
3834,3834,15604792,609,Germany,Male,38,6,140752.06,2,0,1,171430.16
3837,3837,15602797,645,Spain,Female,49,5,110132.55,3,0,1,187689.91
3863,3863,15726588,653,Spain,Female,36,3,0,2,0,0,110525.6
3871,3871,15746341,630,France,Male,40,8,0,2,1,1,42495.81
3876,3876,15605036,704,Spain,Female,37,9,155619.58,1,1,1,135088.58
3893,3893,15612455,549,Germany,Male,45,6,124240.93,1,1,1,146372.51
3899,3899,15750156,662,Germany,Male,59,2,104568.41,1,1,0,8059.44
3904,3904,15678129,643,Spain,Female,45,9,150840.03,2,1,0,155516.35
3909,3909,15599004,655,Spain,Male,37,1,0,1,1,1,106040.97
3926,3926,15701206,566,Spain,Male,44,5,0,2,1,0,66462.79
3933,3933,15763798,680,France,Male,23,5,140007.19,1,0,1,31714.08
3934,3934,15758013,698,France,Male,37,5,98400.61,2,0,0,25017.28
3944,3944,15671915,649,France,Male,46,5,0,2,1,1,76946.6
3965,3965,15714981,476,France,Male,37,4,0,1,1,1,55775.84
3966,3966,15775892,748,Spain,Female,23,8,85600.08,1,0,0,134077.71
3972,3972,15790809,685,Spain,Male,40,7,74896.92,1,1,0,198694.2
3980,3980,15783030,685,France,Female,40,7,0,1,1,0,72852.74
3984,3984,15814092,626,France,Female,44,2,0,1,0,1,173117.22
3989,3989,15650442,644,Germany,Female,32,8,141528.88,1,1,1,167087.34
4014,4014,15653776,720,Germany,Female,57,1,162082.31,4,0,0,27145.73
4061,4061,15593250,640,France,Female,29,4,0,2,1,0,44904.26
4063,4063,15800083,559,France,Male,45,8,24043.45,1,0,1,169781.45
4068,4068,15767391,565,Germany,Female,32,4,90322.99,2,0,1,118740.37
4069,4069,15704910,631,Spain,Male,23,3,0,2,1,0,13813.24
4108,4108,15643865,601,France,Female,40,3,92055.36,1,0,1,164652.02
4128,4128,15625545,712,Spain,Male,52,9,0,1,1,1,117977.45
4129,4129,15772148,639,Germany,Female,37,5,151242.48,1,0,1,49637.65
4133,4133,15737571,540,Spain,Female,28,6,84121.04,1,0,1,80698.54
4150,4150,15621435,623,France,Female,39,1,160903.2,1,0,0,78774.36
4165,4165,15706170,636,France,Male,34,1,84055.43,1,0,0,37490.84
4192,4192,15715597,679,France,Male,36,1,97234.58,1,1,0,188997.08
4209,4209,15628558,447,France,Female,44,5,89188.83,1,1,1,75408.24
4215,4215,15642710,686,France,Male,26,7,0,2,1,0,1540.89
4226,4226,15671804,648,Spain,Male,36,8,146943.38,2,1,1,130041.45
4229,4229,15691061,740,France,Female,37,9,0,2,1,1,73225.31
4230,4230,15808326,592,France,Female,34,9,0,2,1,1,20460.2
4236,4236,15609299,595,France,Male,29,6,150685.79,1,1,0,87771.06
4251,4251,15631359,489,France,Female,38,5,117289.92,1,0,0,85231.88
4253,4253,15787830,452,Germany,Male,33,7,153663.27,1,1,0,111868.23
4274,4274,15804787,562,France,Male,75,5,87140.85,1,1,1,39351.64
4278,4278,15797910,775,Germany,Male,51,2,123783.25,1,1,1,134901.57
4287,4287,15694404,781,France,Female,42,3,156555.54,1,1,1,175674.01
4297,4297,15702788,775,France,Male,40,9,126212.64,1,1,0,70196.57
4302,4302,15765266,615,France,Male,32,1,0,2,0,0,2139.25
4316,4316,15763980,632,Germany,Male,30,1,58668.02,1,1,1,78670.52
4317,4317,15720774,850,Spain,Male,44,7,89118.26,1,1,0,104240.77
4318,4318,15592194,492,France,Female,28,9,0,2,1,0,95957.09
4319,4319,15803685,673,Germany,Female,77,10,76510.52,2,0,1,59595.66
4338,4338,15642160,850,France,Male,38,5,0,2,1,0,16491.64
4345,4345,15585427,528,France,Female,26,10,102073.67,2,0,0,166799.93
4346,4346,15584536,720,Germany,Male,46,3,97042.6,1,1,1,133516.51
4350,4350,15623107,686,Spain,Male,45,3,74274.87,3,1,0,64907.48
4358,4358,15809901,755,France,Male,36,8,0,2,1,0,176809.87
4382,4382,15680370,492,France,Male,39,7,0,2,0,1,71323.23
4387,4387,15621520,783,Germany,Female,42,2,139707.28,1,1,0,2150.22
4397,4397,15691119,721,Germany,Male,68,4,136525.99,1,0,0,175399.14
4423,4423,15787014,648,Germany,Female,28,8,90371.09,1,1,1,146851.73
4440,4440,15696539,613,France,Female,21,7,105627.95,1,1,1,36560.51
4463,4463,15676937,635,Spain,Female,32,8,0,2,1,1,19367.98
4498,4498,15758901,713,Spain,Female,47,1,0,1,1,0,107825.08
4506,4506,15628583,709,France,Female,30,5,0,2,0,1,161388.22
4512,4512,15568006,634,France,Female,45,2,0,4,1,0,101039.53
4513,4513,15751748,666,France,Male,51,2,148222.65,1,0,0,156953.54
4516,4516,15761654,726,Spain,Male,30,8,134152.29,1,1,1,147822.44
4541,4541,15613017,586,Germany,Male,32,1,149814.54,1,1,0,31830.06
4551,4551,15803415,579,France,Female,39,3,166501.17,2,1,0,93835.64
4556,4556,15733261,688,Spain,Female,35,6,0,1,1,0,25488.43
4564,4564,15694376,705,Germany,Female,64,3,153469.26,3,0,0,146573.66
4576,4576,15756926,833,Germany,Male,29,1,96462.25,2,0,1,48986.18
4585,4585,15589666,595,France,Female,39,9,136422.41,1,1,1,151757.81
4586,4586,15627881,603,France,Male,30,8,0,2,1,1,47536.46
4590,4590,15611961,615,France,Male,35,7,0,2,1,0,150784.29
4600,4600,15624451,641,France,Female,38,3,0,2,1,0,116466.19
4602,4602,15571666,642,Germany,Male,30,8,134497.27,1,0,0,43250.54
4603,4603,15783691,722,Spain,Female,35,1,120171.58,1,1,0,125240.8
4609,4609,15614103,850,Germany,Male,42,8,119839.69,1,0,1,51016.02
4613,4613,15649292,748,France,Female,49,7,29602.08,1,0,0,163550.58
4623,4623,15703614,564,Spain,Male,48,5,132876.23,1,1,0,79259.77
4626,4626,15695499,510,France,Female,45,10,103821.47,2,0,1,77878.62
4640,4640,15567078,789,France,Female,27,8,66201.96,1,1,1,79458.12
4659,4659,15805909,700,Spain,Male,28,8,159900.38,1,0,0,22698.56
4664,4664,15578783,620,Germany,Male,35,0,76989.97,1,1,1,17242.79
4666,4666,15656293,786,France,Male,35,3,0,2,1,0,92712.97
4674,4674,15764661,644,France,Male,33,2,0,1,1,0,96420.58
4677,4677,15610271,684,Spain,Female,42,3,103210.27,1,1,0,31002.03
4680,4680,15756975,777,Spain,Female,35,3,0,2,1,1,17257.72
4689,4689,15669606,690,France,Male,33,5,0,2,1,0,138017.68
4699,4699,15645717,732,France,Male,62,2,0,2,1,1,25438.87
4709,4709,15811985,530,Spain,Male,44,6,0,2,0,0,55893.37
4729,4729,15765650,501,Germany,Male,40,5,114655.58,1,0,0,126535.92
4737,4737,15718773,638,France,Female,32,0,0,2,1,0,160129.99
4745,4745,15582849,757,France,Female,51,1,0,1,1,1,22835.13
4757,4757,15778005,785,France,Female,39,1,130147.98,1,1,0,163798.41
4761,4761,15713949,850,France,Male,40,1,76914.21,1,1,0,174183.44
4762,4762,15717706,799,France,Female,32,3,106045.92,2,1,1,17938
4789,4789,15674932,757,Spain,Female,44,9,0,2,1,0,177528.92
4818,4818,15760090,640,France,Male,28,7,0,2,1,1,131097.9
4825,4825,15799357,727,France,Male,35,5,136364.46,1,0,0,142754.71
4829,4829,15592379,741,Spain,Female,42,9,121056.63,2,1,0,39122.58
4851,4851,15593094,516,France,Male,27,9,0,1,1,0,142680.64
4864,4864,15640491,464,France,Female,33,10,147493.7,2,1,0,100447.53
4870,4870,15781272,669,France,Male,50,4,149713.61,3,1,1,124872.42
4871,4871,15573888,648,Germany,Female,43,1,107963.38,1,0,0,186438.86
4889,4889,15589869,437,France,Male,49,9,111634.29,2,0,1,166440.32
4899,4899,15722122,544,France,Female,40,7,0,1,0,1,161076.92
4906,4906,15627999,590,Spain,Male,30,3,0,2,1,0,83090.35
4917,4917,15613816,539,Spain,Female,39,6,62052.28,1,0,1,59755.14
4952,4952,15649793,658,France,Male,20,7,0,2,0,0,187638.34
4957,4957,15628420,660,Spain,Male,33,2,80462.24,1,0,0,150422.35
4992,4992,15701175,493,France,Female,33,8,90791.69,1,1,1,59659.53
4994,4994,15728912,554,France,Female,44,6,92436.86,1,1,0,126033.9
5000,5000,15710408,584,Spain,Female,38,3,0,2,1,1,4525.4
5011,5011,15719508,575,Germany,Male,49,7,121205.15,4,1,1,168080.53
5032,5032,15680517,769,Germany,Female,34,7,137239.17,1,1,1,71379.92
5038,5038,15814923,606,Spain,Male,38,7,128578.52,1,1,1,193878.51
5049,5049,15741416,707,France,Male,42,2,16893.59,1,1,1,77502.56
5052,5052,15572728,704,Spain,Male,36,8,127397.34,1,1,0,151335.24
5055,5055,15641170,640,Spain,Male,36,4,0,1,0,0,173016.46
5063,5063,15650432,849,Germany,Male,41,10,84622.13,1,1,1,198072.16
5067,5067,15702631,567,France,Female,26,2,0,2,1,1,78651.55
5070,5070,15740878,655,Spain,Female,29,9,0,2,0,1,85736.26
5084,5084,15660679,653,Spain,Female,38,9,149571.94,1,1,0,118383.18
5087,5087,15667289,719,Spain,Male,50,2,0,2,0,0,10772.13
5089,5089,15734610,543,France,Male,42,4,89838.71,3,1,0,85983.54
5108,5108,15584776,847,Spain,Female,37,9,112712.17,1,1,0,116097.26
5116,5116,15727317,533,Germany,Female,49,1,102286.6,3,1,0,69409.37
5117,5117,15649536,741,Germany,Male,38,4,128015.83,1,1,0,58440.43
5133,5133,15579826,439,France,Female,66,9,0,1,1,0,65535.56
5136,5136,15587240,518,France,Male,40,4,0,2,0,1,194416.58
5138,5138,15601594,698,France,Female,51,6,144237.91,4,1,0,157143.61
5151,5151,15614716,515,France,Female,37,0,196853.62,1,1,1,132770.11
5160,5160,15651103,762,Spain,Female,69,9,183744.98,1,1,1,196993.69
5169,5169,15579559,544,Spain,Male,30,8,145241.63,1,1,1,80676.83
5171,5171,15623695,814,France,Female,31,4,0,2,1,1,142029.17
5196,5196,15658589,850,Spain,Male,38,2,94652.04,1,1,1,171960.76
5200,5200,15726310,782,Spain,Female,27,3,0,2,1,0,143614.01
5201,5201,15641298,512,Germany,Male,42,9,93955.83,2,1,0,14828.54
5214,5214,15783752,752,Germany,Male,29,4,129514.99,1,1,1,102930.46
5234,5234,15591286,731,Germany,Female,49,4,88826.07,1,1,1,33759.41
5237,5237,15645184,701,France,Male,29,2,0,2,1,0,176943.59
5240,5240,15750811,766,Germany,Male,44,3,116822.7,1,0,0,197643.24
5241,5241,15733842,597,France,Female,24,1,103219.47,1,1,0,60420.07
5244,5244,15684319,780,Germany,Female,37,10,95196.26,1,1,0,126310.39
5249,5249,15700366,669,France,Male,39,3,119452.03,1,1,1,171575.54
5270,5270,15732281,680,Germany,Male,34,6,146422.22,1,1,0,67142.97
5277,5277,15694852,575,France,Male,29,4,121823.4,2,1,1,50368.87
5281,5281,15694129,569,Germany,Female,28,3,100032.52,1,1,0,5159.21
5296,5296,15801788,706,Germany,Female,29,6,185544.36,1,1,0,171037.63
5306,5306,15652469,699,France,Male,27,1,0,2,1,0,93003.21
5323,5323,15699830,721,France,Female,40,7,0,2,1,1,122580.48
5331,5331,15626212,616,France,Male,29,9,0,1,1,1,166984.44
5332,5332,15700627,637,Germany,Female,46,2,143500.82,1,1,0,166996.46
5341,5341,15612667,680,Spain,Male,42,0,0,1,1,0,136377.21
5358,5358,15691396,405,Germany,Male,31,5,133299.67,2,1,1,72950.14
5368,5368,15742848,673,France,Male,41,5,0,1,1,1,65657.29
5373,5373,15688973,598,Spain,Female,39,5,0,2,1,1,83103.46
5418,5418,15662245,588,France,Male,32,1,0,2,1,1,8763.87
5426,5426,15595153,644,Germany,Female,44,8,106022.73,2,0,0,148727.42
5438,5438,15733476,543,Germany,Male,30,6,73481.05,1,1,1,176692.65
5453,5453,15798256,558,France,Female,45,1,153697.53,2,0,0,89891.4
5462,5462,15589563,531,Spain,Male,31,2,118899.45,2,0,0,41409.36
5464,5464,15750099,731,France,Female,36,6,0,1,0,0,152128.36
5466,5466,15794941,647,Germany,Female,41,1,85906.65,3,1,0,189159.97
5490,5490,15703778,728,France,Male,33,8,129907.63,1,0,1,36083.96
5519,5519,15578375,628,France,Male,39,6,0,2,0,0,134441.6
5521,5521,15649414,570,France,Female,61,6,142105.35,1,1,1,45214.04
5531,5531,15736043,638,France,Male,34,6,114543.27,1,1,1,97755.29
5538,5538,15735346,527,Germany,Female,41,10,136733.24,1,1,1,57589.29
5557,5557,15707962,606,France,Male,40,6,119501.88,2,1,0,46774.94
5563,5563,15614361,620,Spain,Male,42,9,121490.05,1,1,1,29296.74
5567,5567,15796015,633,Germany,Male,42,3,126041.02,1,0,1,11796.89
5581,5581,15786249,616,Spain,Male,30,2,0,2,1,0,199099.51
5596,5596,15616431,608,France,Male,33,4,0,1,0,1,130474.03
5605,5605,15804721,602,France,Male,49,0,191808.73,1,0,0,97640.2
5611,5611,15783816,733,France,Female,28,5,0,2,0,0,12761.16
5620,5620,15648951,785,Spain,Male,41,7,0,2,1,1,199108.88
5621,5621,15752409,553,France,Male,31,6,0,2,0,0,124596.63
5630,5630,15601503,578,Spain,Male,28,4,0,2,0,0,6947.09
5637,5637,15626679,584,France,Male,33,3,0,2,0,1,59103.13
5653,5653,15800620,691,France,Female,29,9,0,2,0,0,199635.93
5665,5665,15661723,667,Spain,Male,71,4,137260.78,1,0,1,94433.08
5668,5668,15719017,672,France,Female,34,8,0,2,1,1,16245.25
5672,5672,15805104,743,France,Female,73,6,0,2,0,1,107867.38
5686,5686,15811565,705,Spain,Female,47,3,63488.7,1,0,1,28640.92
5690,5690,15612931,722,Spain,Female,50,4,132088.59,1,1,1,128262.14
5702,5702,15724154,625,Germany,Female,49,4,128504.76,1,1,0,126812.63
5708,5708,15649451,746,France,Male,25,9,0,2,0,1,88728.47
5728,5728,15704168,535,Germany,Male,38,8,127475.24,1,0,0,60775.76
5730,5730,15633729,488,France,Male,43,10,112751.13,1,1,1,28332
5749,5749,15678412,645,France,Female,45,8,85325.93,1,0,0,22558.74
5759,5759,15610972,681,Germany,Female,44,4,91115.76,2,0,0,24208.84
5772,5772,15651737,623,Spain,Male,44,1,83325.77,1,0,1,80828.78
5774,5774,15643426,523,Spain,Female,36,8,113680.54,1,0,0,13197.44
5775,5775,15618245,706,Germany,Male,31,1,117020.08,2,1,0,54439.53
5779,5779,15640377,526,France,Female,36,0,0,2,1,0,97767.63
5782,5782,15706199,636,Germany,Male,36,6,96643.32,1,0,0,182059.28
5788,5788,15634180,729,Germany,Male,26,4,97268.1,2,1,0,39356.38
5805,5805,15663933,625,Germany,Female,35,5,86147.46,2,1,0,163440.8
5807,5807,15583597,696,Spain,Male,47,1,106758.6,1,1,1,80591.18
5817,5817,15663917,547,France,Male,43,1,92350.36,1,0,1,80262.91
5846,5846,15654300,530,Germany,Male,33,9,75242.28,1,0,1,101694.67
5848,5848,15569666,517,France,Female,45,4,0,1,0,0,172674.36
5858,5858,15813659,594,France,Female,56,7,0,1,1,0,26215.85
5862,5862,15713819,562,France,Male,48,3,92347.96,1,1,1,163116.75
5869,5869,15663817,713,France,Male,46,5,0,1,1,1,55701.62
5889,5889,15804797,443,France,Female,54,3,138547.97,1,1,1,70196.23
5894,5894,15641004,605,Spain,Female,48,10,150315.92,1,0,1,133486.36
5899,5899,15713637,699,France,Male,34,2,117468.67,1,1,0,185227.42
5903,5903,15586504,694,France,Male,40,9,0,2,1,0,40463.03
5913,5913,15715414,658,France,Female,38,6,102895.1,1,0,0,155665.76
5915,5915,15726058,754,Germany,Male,27,7,117578.35,2,0,1,87908.01
5929,5929,15761241,578,Germany,Female,36,8,129745.1,1,1,1,143683.75
5932,5932,15566988,656,Germany,Female,46,7,141535.52,1,1,0,50595.15
5967,5967,15600832,508,France,Female,43,9,0,1,1,0,103726.71
5998,5998,15583033,640,France,Female,20,4,0,2,0,1,78310.82
6002,6002,15606887,775,France,Female,30,5,0,1,1,0,193880.6
6003,6003,15783026,701,France,Female,41,2,0,1,1,0,47856.78
6007,6007,15636395,529,France,Female,31,5,0,2,1,0,26817.23
6012,6012,15783007,520,Germany,Female,45,1,123086.39,1,1,1,41042.4
6032,6032,15743153,740,Germany,Female,40,2,122295.17,2,1,1,30812.84
6033,6033,15579787,686,France,Male,39,4,0,2,1,0,155023.93
6034,6034,15759966,612,Spain,Female,36,5,119799.27,2,1,0,159416.58
6041,6041,15735358,682,Spain,Male,46,4,0,1,1,1,4654.28
6048,6048,15790247,536,Spain,Male,40,9,0,2,1,1,11959.03
6052,6052,15623220,723,Spain,Female,45,4,0,2,1,0,37214.39
6054,6054,15677908,552,Spain,Male,42,4,0,2,0,0,195692.3
6061,6061,15669253,754,Spain,Male,39,7,157691.98,2,1,0,133600.89
6067,6067,15580249,502,France,Male,45,0,0,1,0,0,84663.21
6071,6071,15678173,629,Spain,Male,35,4,174588.8,2,0,1,158420.14
6081,6081,15725945,659,Spain,Female,42,2,0,1,0,0,162734.31
6083,6083,15636820,725,Germany,Male,40,8,104149.66,1,1,0,62027.9
6087,6087,15735025,535,Spain,Male,37,3,175534.78,2,1,1,9241.52
6098,6098,15615050,575,Germany,Male,47,9,107915.94,2,1,1,63452.18
6117,6117,15611644,627,France,Male,73,0,146329.73,1,0,1,43615.67
6122,6122,15607629,679,France,Male,48,8,0,2,1,0,23344.94
6125,6125,15643359,736,Spain,Male,32,7,0,1,0,1,79082.62
6126,6126,15687913,501,Germany,Female,34,7,93244.42,1,0,1,199805.63
6145,6145,15617320,693,Spain,Female,46,3,151709.33,1,1,0,180736.24
6152,6152,15761525,727,Spain,Female,31,10,96997.09,2,0,0,76614.04
6155,6155,15598162,754,Germany,Female,39,3,160761.41,1,1,1,24156.03
6169,6169,15644501,579,France,Female,26,10,162482.76,1,1,1,18458.2
6179,6179,15746986,850,Germany,Female,40,4,97990.49,2,0,0,106691.02
6183,6183,15723786,709,France,Female,37,9,0,2,1,0,16733.59
6203,6203,15684995,690,Spain,Male,49,8,116622.73,1,0,1,51011.29
6204,6204,15790763,599,Spain,Female,49,2,0,2,1,0,111190.53
6208,6208,15665811,644,France,Male,33,9,141234.98,1,1,0,95673.05
6225,6225,15616122,777,France,Male,39,8,0,2,1,1,18613.52
6229,6229,15733138,663,Germany,Male,42,5,90248.79,1,1,1,79169.73
6241,6241,15626507,558,France,Male,27,1,152283.39,1,1,0,183271.15
6257,6257,15611186,609,France,Male,37,1,39344.83,1,1,1,178291.89
6271,6271,15702806,696,Spain,Male,24,9,0,1,0,0,10883.52
6306,6306,15732563,726,Germany,Female,33,7,99046.31,2,1,1,56053.06
6336,6336,15740428,507,France,Female,35,1,0,2,0,0,92131.54
6337,6337,15781534,536,Germany,Female,35,4,121520.36,1,0,0,77178.42
6342,6342,15658364,807,Germany,Female,40,1,134590.21,1,1,1,46253.65
6356,6356,15570414,618,Spain,Male,41,4,115251.64,1,0,0,136435.75
6365,6365,15663421,527,Spain,Male,28,6,128396.33,2,1,0,79919.97
6379,6379,15768763,562,France,Male,37,2,0,1,0,1,52525.15
6387,6387,15584090,621,Spain,Female,40,7,0,2,0,1,131283.6
6391,6391,15588406,574,Spain,Female,37,7,0,2,1,0,32262.28
6406,6406,15760749,509,Spain,Male,41,7,126683.8,1,0,1,114775.53
6412,6412,15791172,672,Germany,Female,21,1,35741.69,1,1,0,28789.94
6414,6414,15734765,739,France,Female,20,4,133800.98,1,0,1,150245.81
6444,6444,15764927,753,France,Male,92,3,121513.31,1,0,1,195563.99
6446,6446,15719170,679,France,Female,30,1,112543.42,1,1,1,179435.21
6448,6448,15614834,619,Spain,Female,31,3,141751.82,1,0,1,61531.86
6452,6452,15722583,636,Spain,Female,29,6,157576.47,2,1,1,101102.39
6456,6456,15701522,711,France,Female,29,9,0,2,0,1,3234.8
6457,6457,15755978,606,France,Male,31,10,0,2,1,0,195209.4
6469,6469,15677184,767,France,Female,35,6,115576.44,1,0,1,27922.45
6474,6474,15595557,798,France,Male,22,8,0,2,1,0,107615.43
6478,6478,15702464,549,France,Female,34,4,0,2,0,0,139463.57
6482,6482,15664752,606,Germany,Male,39,8,136000.45,2,1,0,31708.53
6496,6496,15640852,617,Germany,Female,39,5,83348.89,3,1,0,7953.62
6518,6518,15795246,628,Germany,Female,51,9,155903.82,2,1,1,71159.84
6530,6530,15728823,836,Spain,Female,37,10,0,2,1,0,111324.41
6550,6550,15792029,620,France,Male,32,6,0,2,1,0,56139.09
6576,6576,15651883,794,Germany,Female,55,6,115796.7,1,1,0,160526.36
6590,6590,15673790,498,Germany,Male,45,7,109200.74,2,0,1,165990.44
6591,6591,15674868,696,Spain,Female,30,0,0,2,1,1,9002.8
6593,6593,15645904,685,France,Female,33,6,0,2,0,1,186785.01
6594,6594,15581332,655,Germany,Female,30,1,83173.98,2,1,1,184259.6
6601,6601,15697360,505,France,Female,36,2,79951.9,1,0,1,174123.16
6621,6621,15751297,732,France,Male,36,5,0,2,1,0,161428.25
6672,6672,15795933,677,France,Female,49,3,0,2,1,1,187811.71
6681,6681,15588450,633,France,Female,60,8,69365.25,1,1,1,10288.24
6689,6689,15814267,550,France,Male,22,6,154377.3,1,1,1,51721.52
6692,6692,15651389,561,Spain,Male,24,8,143656.55,1,0,1,180932.46
6702,6702,15629390,653,France,Male,37,7,135847.47,1,1,0,144880.81
6708,6708,15735909,607,Germany,Female,39,8,105103.33,1,1,0,104721.5
6720,6720,15776629,650,France,Female,39,4,0,2,0,0,186275.7
6721,6721,15647207,609,France,Male,26,7,0,2,1,0,98463.99
6724,6724,15766810,699,Germany,Female,51,2,92246.14,2,0,1,91346.03
6725,6725,15756625,752,France,Female,41,8,0,2,1,0,139844.04
6751,6751,15690546,618,France,Female,42,2,0,4,0,0,111097.39
6755,6755,15688085,627,Spain,Female,28,3,157597.61,1,0,1,34097.22
6761,6761,15586557,661,France,Male,41,5,0,1,0,1,88279.6
6766,6766,15689955,461,France,Female,40,7,0,2,1,0,176547.8
6771,6771,15815295,662,France,Female,38,2,96479.81,1,1,0,120259.41
6800,6800,15692575,760,France,Male,38,6,162888.73,1,1,0,91098.76
6811,6811,15642996,546,Germany,Female,42,9,86351.85,2,1,0,57380.13
6817,6817,15662243,559,France,Male,50,5,162702.35,1,0,0,150548.5
6820,6820,15787602,568,Spain,Male,39,5,0,2,1,1,129569.92
6822,6822,15704209,802,France,Female,39,7,120145.96,2,0,1,59497.01
6829,6829,15806134,707,Germany,Male,34,9,162691.16,2,1,0,94912.78
6847,6847,15809309,689,Spain,Female,40,5,154251.67,1,0,1,118319.5
6849,6849,15634628,579,France,Female,33,1,65667.79,2,0,0,164608.98
6852,6852,15779103,527,Germany,Female,39,9,96748.89,2,1,0,94711.43
6861,6861,15785654,727,Germany,Male,45,6,114422.85,2,1,1,104678.78
6864,6864,15765732,564,Spain,Female,24,6,149592.14,1,1,1,153771.8
6867,6867,15664506,675,Spain,Male,32,8,197436.82,1,1,1,52710.7
6871,6871,15762793,850,Germany,Female,36,0,136980.23,2,1,1,99019.65
6897,6897,15649086,596,France,Male,42,7,0,2,1,1,121568.37
6901,6901,15806922,674,Spain,Female,41,4,126605.14,1,1,1,166694.93
6905,6905,15627185,744,Germany,Male,29,6,123737.04,2,1,0,141558.04
6908,6908,15661433,519,France,Male,34,5,0,1,1,0,68479.6
6916,6916,15751549,658,Germany,Male,31,2,77082.65,2,0,0,13482.28
6917,6917,15588235,654,France,Female,24,8,145081.73,1,1,1,130075.07
6918,6918,15640418,649,Germany,Female,41,4,115897.73,1,1,0,143544.48
6919,6919,15721116,597,Spain,Male,24,0,108058.07,2,1,1,187826.11
6922,6922,15625713,679,Spain,Female,39,7,91187.9,1,0,1,6075.36
6927,6927,15637138,660,France,Male,34,1,0,2,1,0,9692.58
6932,6932,15808930,531,France,Female,37,1,0,1,1,0,4606.97
6949,6949,15803750,750,Spain,Female,33,3,161801.47,1,0,1,153288.97
6963,6963,15683892,677,Germany,Female,26,3,102395.79,1,1,0,119368.99
6972,6972,15658240,554,France,Female,44,9,135814.7,2,0,0,115091.38
7021,7021,15786237,651,France,Male,28,7,0,2,1,0,823.96
7022,7022,15694530,672,France,Male,28,4,167268.98,1,1,1,169469.3
7023,7023,15796813,493,France,Male,54,3,167831.88,2,1,0,150159.95
7030,7030,15672432,594,France,Female,53,4,0,1,1,0,5408.74
7048,7048,15731586,785,Spain,Female,31,2,121691.54,2,0,0,81778.72
7066,7066,15568162,527,Spain,Male,53,8,0,1,1,1,51711.57
7069,7069,15730793,699,Germany,Female,54,3,111009.32,1,1,1,155905.79
7086,7086,15575605,725,France,Male,38,6,0,2,1,1,158697.28
7104,7104,15815040,552,Germany,Female,42,8,103362.14,1,0,1,186869.58
7111,7111,15681509,679,Spain,Female,28,9,0,2,0,1,61761.77
7120,7120,15636478,621,France,Male,31,7,136658.61,1,1,1,148689.13
7144,7144,15761158,719,France,Female,54,7,0,2,1,1,125041.52
7152,7152,15608688,442,France,Male,34,4,0,2,1,0,68343.08
7155,7155,15659100,605,France,Male,33,9,128152.82,1,0,0,147822.81
7171,7171,15621244,678,France,Male,36,0,107379.68,1,1,1,84460.18
7178,7178,15697310,559,Germany,Female,28,3,152264.81,1,0,0,64242.31
7182,7182,15621423,736,France,Female,42,7,117280.23,3,0,0,41921.06
7196,7196,15708714,675,France,Female,33,6,0,2,1,0,34045.61
7202,7202,15664615,689,Germany,Female,30,5,136650.89,1,1,1,41865.72
7219,7219,15767231,757,France,Male,36,7,144852.06,1,0,0,130861.95
7221,7221,15706637,718,Spain,Male,40,9,0,2,0,0,121537.91
7224,7224,15729771,799,Germany,Male,31,9,154586.92,1,0,1,88604.89
7230,7230,15635244,716,France,Female,29,6,0,2,1,1,98998.61
7264,7264,15622729,649,France,Female,46,2,0,2,1,1,66602.7
7270,7270,15675926,655,Germany,Male,34,7,118028.35,1,1,0,51226.32
7280,7280,15810485,486,Germany,Male,37,1,101438,1,0,0,51364.56
7297,7297,15607988,663,Germany,Female,37,8,155303.71,1,1,0,118716.63
7298,7298,15637891,613,Germany,Female,43,4,140681.68,1,0,1,20134.07
7305,7305,15764444,679,Germany,Male,58,8,125850.53,2,1,1,87008.17
7311,7311,15740487,627,France,Female,41,6,0,3,1,1,138700.75
7331,7331,15802106,418,France,Male,34,8,155973.88,1,1,0,154208.96
7333,7333,15711635,788,Germany,Female,42,6,138650.49,2,1,0,64746.07
7352,7352,15568878,654,Spain,Male,34,5,0,2,1,0,159311.46
7360,7360,15731989,666,France,Male,36,4,120165.4,2,1,0,33701.5
7370,7370,15757188,644,Spain,Female,26,4,153455.72,2,1,1,82696.84
7418,7418,15736533,730,Germany,Female,37,5,124053.03,1,1,0,118591.67
7431,7431,15754578,606,France,Female,35,0,135984.15,2,1,0,186778.89
7432,7432,15705379,678,France,Male,38,3,0,2,1,0,66561.6
7466,7466,15772941,666,Germany,Male,30,3,110153.27,1,0,1,74849.46
7468,7468,15803682,651,Germany,Female,37,10,117791.06,2,1,1,75837.58
7477,7477,15737909,759,France,Male,44,2,111095.58,2,1,0,100137.7
7481,7481,15812766,490,Spain,Male,40,6,156111.08,1,0,0,190889.13
7487,7487,15593694,814,France,Male,49,8,0,2,0,0,157822.54
7491,7491,15703177,654,France,Female,35,2,90865.8,1,1,1,86764.46
7504,7504,15652048,563,Germany,Male,44,7,105007.31,2,1,1,197812.16
7518,7518,15771409,586,France,Male,58,7,151933.63,1,1,0,162960.05
7519,7519,15779207,500,Germany,Male,30,2,125495.64,2,1,1,68807.47
7522,7522,15611189,670,Spain,Male,43,1,97792.21,1,0,0,120225.62
7533,7533,15706602,760,Spain,Female,33,1,118114.28,2,0,1,156660.21
7535,7535,15786539,808,France,Male,32,1,0,2,1,1,46200.71
7536,7536,15737542,611,Germany,Female,36,10,103294.56,1,1,0,160548.12
7593,7593,15583552,674,Germany,Male,44,3,88902.21,1,1,0,73731.32
7598,7598,15576680,736,France,Male,29,4,0,2,0,0,51705.01
7606,7606,15710138,718,Spain,Male,39,6,0,2,0,1,63889.1
7616,7616,15611682,590,Spain,Male,37,6,169902.92,1,1,1,128256.18
7621,7621,15629133,579,France,Female,27,9,0,2,1,0,126838.7
7638,7638,15604196,766,France,Male,32,6,185714.28,1,1,1,102502.5
7644,7644,15632669,722,Spain,Female,32,4,0,2,1,1,113666.48
7648,7648,15674583,768,France,Male,25,0,78396.08,1,1,1,8316.19
7677,7677,15722535,457,France,Female,33,7,127837.54,1,0,1,60013.17
7678,7678,15711977,695,France,Male,36,4,161533,1,1,0,100940.91
7683,7683,15805261,700,Spain,Male,29,8,0,2,0,1,152097.02
7691,7691,15692258,569,Spain,Male,31,1,115406.97,1,0,0,145528.22
7698,7698,15637315,601,Spain,Female,41,3,0,2,1,0,54342.83
7704,7704,15806081,608,Germany,Female,48,2,127924.25,2,1,0,32202.61
7709,7709,15675650,486,France,Female,39,8,97819.36,1,0,1,120531.31
7716,7716,15582129,517,France,Male,62,1,43772.66,3,1,0,187756.24
7727,7727,15757617,735,France,Male,55,6,134140.68,1,1,0,2267.88
7738,7738,15566563,777,France,Female,30,4,137851.31,1,1,0,5008.23
7762,7762,15814237,627,Germany,Male,30,3,128770.88,2,1,1,40199.01
7772,7772,15715512,850,Germany,Male,29,1,154640.41,1,1,1,164039.51
7775,7775,15609928,850,Germany,Male,43,5,129305.09,2,0,1,19244.58
7781,7781,15677387,749,Germany,Female,33,10,76692.22,1,0,1,30396.43
7786,7786,15750547,738,France,Male,26,9,0,2,1,1,48644.94
7800,7800,15619016,660,Germany,Male,46,5,109019.65,2,1,1,33680.56
7812,7812,15687852,611,France,Male,30,2,104145.65,1,0,0,159629.64
7824,7824,15616029,705,France,Male,32,7,0,2,1,0,7921.57
7849,7849,15643908,433,France,Female,49,10,0,1,1,1,87711.61
7857,7857,15598521,580,Germany,Female,33,7,131647.01,2,0,0,79775.19
7870,7870,15693771,651,Spain,Female,45,8,95922.9,1,1,0,84782.42
7891,7891,15665783,565,France,Male,49,7,0,2,1,1,89609.26
7898,7898,15639252,603,Spain,Male,30,6,129548.5,2,1,1,19282.85
7908,7908,15688157,683,Germany,Female,39,2,47685.47,2,1,1,86019.48
7915,7915,15777179,687,France,Male,35,9,0,2,0,1,73133.82
7919,7919,15572706,589,France,Male,37,5,0,1,1,0,61324.87
7943,7943,15661409,542,France,Female,42,1,0,1,1,1,178256.58
7947,7947,15790448,473,France,Female,35,6,69617.36,1,1,0,143345.69
7949,7949,15592854,705,France,Male,25,3,113736.27,1,0,1,196864.61
7953,7953,15622305,746,Germany,Female,33,2,107868.14,2,1,1,146192.4
7954,7954,15608209,622,Germany,Male,33,3,96926.12,2,1,0,48553.77
7959,7959,15802483,686,France,Male,34,6,146178.13,2,1,1,88837.11
7963,7963,15623630,634,Germany,Female,56,3,116251.24,1,0,1,42429.88
7967,7967,15750574,677,Spain,Female,34,4,0,2,1,1,6175.53
7981,7981,15627517,497,Spain,Male,27,7,149400.27,1,0,0,167522.19
7987,7987,15678067,667,Spain,Male,45,3,0,2,0,0,163655.01
8002,8002,15798053,707,Spain,Male,32,9,0,2,1,0,126475.79
8004,8004,15595426,603,Spain,Male,57,6,105000.85,2,1,1,87412.24
8011,8011,15787756,467,Germany,Male,51,10,114514.71,2,1,0,177784.68
8026,8026,15571873,655,France,Male,24,9,107065.31,1,1,1,51959.82
8048,8048,15576111,734,Germany,Male,33,5,121898.58,1,1,0,61829.89
8051,8051,15708193,707,France,Male,33,2,0,2,0,0,130866.95
8052,8052,15697801,605,Germany,Female,56,1,74129.18,2,1,1,62199.78
8072,8072,15688849,609,France,Male,48,1,108019.27,3,1,1,184524.65
8092,8092,15715510,768,France,Male,29,2,95984.69,2,1,1,73686.75
8103,8103,15758252,561,Germany,Female,45,2,168085.38,2,0,1,115719.08
8134,8134,15656249,720,France,Female,34,3,118307.57,2,1,1,136120.29
8157,8157,15785576,434,Germany,Male,71,9,119496.87,1,1,0,125848.88
8164,8164,15572050,768,Germany,Male,48,3,122831.58,1,1,1,24533.89
8169,8169,15599182,597,Spain,Female,33,2,0,2,1,1,4700.66
8172,8172,15588859,496,Spain,Female,44,0,179356.28,2,1,0,2919.21
8175,8175,15623525,564,Spain,Male,31,0,125175.58,1,1,1,72757.33
8194,8194,15671165,592,France,Female,66,5,149950.19,1,1,1,76267.59
8198,8198,15741180,617,France,Male,54,6,102141.9,1,1,1,45325.26
8202,8202,15614936,718,Spain,Female,49,10,82321.88,1,0,1,11144.4
8209,8209,15636551,711,France,Female,29,3,130181.47,2,1,0,31811.44
8214,8214,15748352,598,Spain,Male,34,0,104488.17,1,0,1,43249.67
8215,8215,15788920,836,Germany,Female,32,4,109196.67,2,1,0,55218.02
8219,8219,15634792,516,France,Female,40,9,0,2,0,1,33266.29
8233,8233,15732704,582,Spain,Male,25,9,148042.97,2,1,0,52341.15
8259,8259,15699753,590,France,Male,41,1,89086.31,1,1,0,24499.97
8267,8267,15706764,560,France,Female,35,1,0,2,1,0,3701.63
8272,8272,15815645,481,France,Male,37,8,152303.66,2,1,1,175082.2
8282,8282,15598485,567,Spain,Male,40,8,28649.64,1,1,1,95140.62
8288,8288,15682467,725,France,Female,36,1,118851.05,1,1,1,102747.02
8292,8292,15742879,668,Spain,Male,38,1,147904.31,1,1,1,69370.05
8295,8295,15569430,704,Spain,Female,36,2,175509.8,2,1,0,152039.67
8308,8308,15626243,618,France,Male,30,3,133844.22,1,1,1,31406.93
8330,8330,15690744,683,France,Male,43,2,112499.42,2,1,0,30375.18
8341,8341,15695197,553,Germany,Female,25,7,128524.19,2,1,0,20682.46
8349,8349,15796230,642,Germany,Female,36,2,124495.98,3,1,1,57904.22
8371,8371,15807107,612,France,Male,32,3,121394.42,1,1,0,164081.42
8372,8372,15661034,813,Germany,Female,29,5,106059.4,1,0,0,187976.88
8382,8382,15764314,550,Germany,Male,36,2,113877.23,2,1,0,174921.91
8387,8387,15641110,708,France,Male,41,0,0,1,1,0,128400.62
8395,8395,15597983,692,France,Male,69,10,154953.94,1,1,1,70849.47
8401,8401,15632069,776,France,Male,39,8,125211.55,2,1,0,144496.07
8417,8417,15751771,528,Germany,Male,32,2,99092.45,1,0,1,111149.98
8420,8420,15775809,677,Germany,Female,26,6,98723.67,1,0,1,151146.67
8426,8426,15642636,755,France,Male,29,9,117035.89,1,1,1,21862.19
8432,8432,15586752,628,Germany,Male,33,8,152143.89,1,1,1,32174.03
8437,8437,15617538,834,Spain,Male,40,7,0,2,0,0,45038.74
8484,8484,15589949,433,Spain,Male,34,9,152806.74,1,1,0,19687.99
8498,8498,15649359,587,France,Male,36,1,0,2,0,1,17135.6
8537,8537,15676576,646,France,Female,43,8,143061.88,1,1,0,61937.6
8549,8549,15806546,517,Spain,Male,46,4,0,1,1,0,22372.78
8559,8559,15774507,574,France,Female,39,5,119013.86,1,1,0,103421.91
8569,8569,15779496,615,France,Male,64,0,81564.1,2,0,1,35896.09
8588,8588,15649457,588,Germany,Male,41,2,131341.46,2,0,1,7034.94
8589,8589,15742809,712,Spain,Female,29,7,77919.78,1,1,0,122547.58
8593,8593,15638774,719,Spain,Female,40,9,0,2,1,0,182224.14
8596,8596,15668774,758,Germany,Female,23,5,122739.1,1,1,0,102460.84
8607,8607,15694581,807,Spain,Male,42,5,0,2,1,1,74900.9
8608,8608,15643215,602,Germany,Male,38,2,71667.97,2,0,0,137111.89
8616,8616,15789924,658,France,Female,39,4,0,1,1,1,147530.06
8626,8626,15581893,747,France,Male,43,1,130788.71,1,0,1,101495
8631,8631,15786042,706,Germany,Female,44,2,185932.18,2,1,0,65413.41
8655,8655,15573730,586,Germany,Male,42,6,126704.49,2,1,0,41682.3
8660,8660,15770631,730,Spain,Male,25,5,167385.81,1,1,1,56307.51
8667,8667,15785920,687,Germany,Male,35,1,125141.24,2,1,1,148537.07
8688,8688,15724764,667,Germany,Female,42,10,64404.26,2,0,0,26022.37
8726,8726,15703394,633,Spain,Male,27,3,0,2,1,0,44008.91
8727,8727,15570289,697,Germany,Male,43,8,103409.16,1,1,0,66893.28
8743,8743,15661827,693,Spain,Female,45,4,0,2,1,1,26589.56
8747,8747,15577905,660,France,Male,34,8,106486.66,2,0,1,182262.66
8756,8756,15697510,707,Spain,Female,52,7,0,1,1,0,109688.82
8757,8757,15784923,705,Germany,Female,37,3,109974.22,1,1,1,36320.87
8765,8765,15618203,773,Germany,Male,51,8,116197.65,2,1,1,86701.4
8782,8782,15751628,438,France,Male,60,7,78391.17,1,0,1,49424.6
8784,8784,15617052,782,France,Male,34,9,0,1,1,0,183021.06
8791,8791,15691792,416,Spain,Male,35,8,0,1,0,0,119712.78
8809,8809,15624993,753,France,Female,36,7,128518.98,1,1,1,44567.83
8812,8812,15616168,610,France,Female,35,7,81905.95,1,1,1,61623.19
8824,8824,15578835,675,Spain,Female,50,1,133204.91,1,0,1,8270.06
8830,8830,15769955,683,France,Female,40,1,0,2,0,0,75762
8834,8834,15760873,594,France,Male,50,7,81310.34,1,1,1,183868.01
8839,8839,15731148,558,France,Male,33,0,108477.49,1,1,1,109096.71
8851,8851,15590201,500,Spain,Female,50,5,0,4,1,1,83866.35
8875,8875,15684318,582,Germany,Female,50,6,96486.57,2,1,1,20344.02
8876,8876,15768120,702,Germany,Male,36,9,90560.48,2,1,0,174268.87
8886,8886,15815125,668,Spain,Male,45,4,102486.21,2,1,1,158379.25
8907,8907,15797065,613,Spain,Female,32,0,0,2,0,1,126675.62
8926,8926,15805463,682,Germany,Male,32,2,105163.88,2,1,1,164170.46
8955,8955,15581626,664,France,Male,54,8,0,1,1,1,162719.69
8972,8972,15583849,408,France,Male,40,3,0,2,0,0,124874.23
8984,8984,15783025,723,Germany,Male,37,3,94661.53,2,1,0,121239.65
8989,8989,15812279,634,France,Male,37,5,115345.86,2,0,0,168781.8
8999,8999,15692577,674,Germany,Female,38,10,83727.68,1,1,0,45418.12
9003,9003,15610727,605,France,Male,36,7,128829.25,1,1,0,190588.59
9018,9018,15690330,830,Germany,Female,40,8,77701.64,1,0,1,19512.38
9019,9019,15680611,663,France,Male,67,9,0,3,1,1,72318.77
9020,9020,15810227,421,France,Male,34,2,0,2,1,1,96615.23
9025,9025,15654772,640,France,Female,47,6,89799.46,2,0,1,13783.77
9040,9040,15777614,545,Spain,Female,44,1,0,2,1,1,82614.89
9074,9074,15611058,702,Germany,Female,60,5,138597.54,2,1,1,41536.59
9075,9075,15630413,608,France,Female,41,5,0,2,1,1,72462.25
9088,9088,15791316,714,France,Male,35,3,0,2,1,1,95623.28
9089,9089,15608246,736,Germany,Female,36,8,103914.17,1,1,1,110035.88
9094,9094,15671334,527,France,Male,31,4,0,1,1,0,169361.89
9096,9096,15718839,850,Germany,Female,38,2,102741.15,2,0,1,23974.85
9097,9097,15762331,569,France,Male,37,9,178755.84,1,1,0,199929.17
9101,9101,15743075,659,France,Male,35,6,0,2,1,1,58879.11
9103,9103,15810942,445,Germany,Female,61,2,137655.31,1,0,1,29909.84
9133,9133,15737194,635,France,Female,33,5,0,2,1,0,122949.71
9142,9142,15756277,850,Germany,Female,43,8,92244.83,2,1,0,54949.73
9152,9152,15747974,614,France,Male,49,1,0,2,1,0,192440.54
9157,9157,15679551,504,Spain,Female,46,2,163764.84,1,1,1,165122.55
9167,9167,15612103,627,Germany,Female,35,2,137852.96,1,1,1,172269.21
9184,9184,15676091,543,France,Male,42,7,0,1,1,1,56650.47
9196,9196,15710315,529,Germany,Male,29,4,135759.4,1,0,0,112813.79
9198,9198,15611947,557,France,Male,34,3,83074,1,1,0,132673.22
9221,9221,15600399,598,France,Male,60,4,0,1,1,0,197727.14
9224,9224,15623489,543,France,Female,67,0,128843.67,1,1,1,134612.48
9243,9243,15630704,612,Germany,Male,32,9,106520.73,2,1,0,177092.16
9250,9250,15795747,787,Spain,Female,39,7,171646.76,1,0,1,100791.36
9261,9261,15649618,799,Germany,Female,39,7,167395.6,2,0,1,139537.43
9285,9285,15705544,633,France,Male,61,3,157201.48,1,0,1,50368.63
9290,9290,15676810,561,France,Female,31,1,81480.27,2,1,1,65234.6
9299,9299,15648047,742,Germany,Male,27,5,190125.43,2,0,0,21793.59
9303,9303,15752534,744,France,Male,36,10,0,2,1,1,182867.84
9305,9305,15783589,616,France,Male,40,9,0,2,0,0,93717.55
9312,9312,15608381,585,Germany,Male,50,2,125845.66,1,1,0,9439.31
9321,9321,15780215,636,France,Male,31,6,0,2,1,1,2382.61
9325,9325,15778489,780,Germany,Male,71,9,142550.25,2,1,1,122506.78
9337,9337,15594450,695,France,Male,49,9,159458.53,1,1,0,135841.35
9345,9345,15720050,727,France,Female,28,2,110997.76,1,1,0,101433.76
9346,9346,15758048,582,France,Male,50,2,148942,1,1,1,116944.3
9355,9355,15791501,590,France,Male,43,8,0,2,1,1,143628.31
9364,9364,15749114,634,Spain,Male,35,3,0,2,1,1,19515.48
9374,9374,15807457,641,Spain,Female,36,1,0,2,1,0,102021.39
9381,9381,15597109,627,France,Male,70,1,94416.78,1,0,1,145299.5
9392,9392,15639665,846,Spain,Male,61,0,0,2,1,1,96202.44
9396,9396,15800961,627,Germany,Male,52,1,76101.81,2,0,1,177238.35
9397,9397,15763065,700,Spain,Female,40,2,0,2,1,0,199753.97
9401,9401,15584897,639,France,Female,31,3,98360.03,1,0,0,20973.8
9406,9406,15807900,575,France,Male,36,7,0,1,1,1,55868.97
9415,9415,15632280,544,Spain,Female,53,9,0,1,1,0,125692.07
9416,9416,15750407,768,Germany,Female,43,2,129264.05,2,0,0,19150.14
9427,9427,15675518,499,Spain,Female,53,1,75225.53,2,0,0,144849.1
9448,9448,15810390,718,France,Female,41,1,0,2,0,1,27509.52
9484,9484,15675983,692,France,Female,36,3,79551.12,1,0,1,178267.07
9491,9491,15655171,624,France,Male,80,3,0,1,1,1,65801.44
9493,9493,15775192,732,Germany,Female,48,4,102962.62,1,1,0,120852.85
9506,9506,15571281,651,France,Male,28,10,79562.98,1,1,1,74687.37
9513,9513,15618155,663,France,Male,45,5,83195.12,1,1,1,48682.1
9527,9527,15665521,642,Germany,Male,18,5,111183.53,2,0,1,10063.75
9536,9536,15581551,850,Spain,Male,41,8,132838.07,1,1,1,175347.28
9554,9554,15809585,646,France,Male,38,7,0,2,1,0,1528.4
9557,9557,15780909,769,Germany,Male,34,7,115101.5,1,0,0,57841.89
9561,9561,15658409,686,France,Male,41,5,128876.71,3,1,1,106939.34
9564,9564,15624374,703,France,Male,28,9,0,2,0,1,2151.17
9565,9565,15720083,554,Spain,Male,42,1,0,2,0,1,183492.9
9596,9596,15724543,597,France,Male,61,5,0,2,1,1,81299.17
9612,9612,15586522,608,Spain,Male,37,2,130461.02,1,1,0,21967.15
9631,9631,15801462,716,France,Male,31,8,109578.04,2,1,1,51503.51
9633,9633,15791006,760,Germany,Female,34,6,58003.41,1,1,0,90346.1
9642,9642,15682778,680,France,Male,34,9,0,2,1,1,95686.6
9646,9646,15641091,695,France,Female,31,5,106089.2,1,0,0,99537.68
9649,9649,15797190,608,Germany,Female,40,7,96202.32,1,0,0,161154.85
9650,9650,15788025,715,France,Female,38,0,0,2,1,1,332.81
9653,9653,15726720,480,France,Female,40,7,0,1,1,0,170332.67
9657,9657,15603221,696,Germany,Male,32,4,84421.62,1,0,1,52314.71
9674,9674,15784148,643,France,Male,62,9,0,2,0,0,155870.82
9679,9679,15718064,635,Spain,Male,29,2,0,2,0,0,117173.8
9684,9684,15607112,606,France,Male,32,6,0,2,0,1,36540.63
9688,9688,15771997,791,France,Female,31,10,75499.24,1,1,0,22184.14
9699,9699,15771477,779,France,Male,49,9,106160.37,1,0,0,116893.87
9702,9702,15636912,678,Spain,Male,38,3,124483.53,1,1,0,126253.31
9705,9705,15759872,625,France,Male,22,9,0,2,1,0,157072.91
9715,9715,15681274,726,Spain,Female,56,2,105473.74,1,1,1,46044.7
9720,9720,15724321,516,Germany,Female,47,9,128298.74,1,0,0,149614.17
9721,9721,15621815,803,France,Female,40,6,165526.71,1,1,0,12328.08
9725,9725,15804295,485,France,Male,41,2,100254.76,2,1,1,12706.67
9729,9729,15764916,616,Germany,Female,43,7,95984.21,1,0,1,115262.54
9731,9731,15638487,586,Germany,Male,38,2,136858.42,1,0,1,189143.94
9754,9754,15705174,656,Germany,Male,68,7,153545.11,1,1,1,186574.68
9758,9758,15696047,501,France,Male,35,6,99760.84,1,1,1,13591.52
9759,9759,15701160,556,Germany,Female,43,4,125890.72,1,1,1,74854.97
9796,9796,15738980,506,France,Male,43,2,0,2,1,0,105568.6
9802,9802,15578878,569,Spain,Female,30,3,139528.23,1,1,1,33230.37
9803,9803,15744295,756,France,Male,40,1,94773.11,1,1,0,114279.63
9808,9808,15594915,649,France,Female,36,8,0,2,0,1,109179.89
9815,9815,15600106,631,France,Male,36,1,0,2,0,0,133141.34
9821,9821,15762762,648,Germany,Female,45,5,118886.55,1,0,0,51636.7
9843,9843,15746704,638,Spain,Male,30,9,136808.53,2,1,1,106642.97
9849,9849,15762708,619,Spain,Female,38,10,119658.49,1,1,1,8646.58
9872,9872,15736371,633,France,Female,34,3,123034.43,2,1,1,38315.04
9874,9874,15610454,724,Germany,Female,33,9,119278.44,1,1,1,197148.24
9889,9889,15697606,637,France,Female,21,10,125712.2,1,0,0,175072.47
9891,9891,15670427,662,Spain,Male,37,4,155187.3,1,1,0,48930.8
9912,9912,15776229,682,France,Male,44,3,115282.3,1,0,0,23766.4
9916,9916,15813140,543,Spain,Male,41,5,0,2,0,1,143980.29
9926,9926,15605672,694,France,Female,38,5,195926.39,1,1,1,85522.84
9927,9927,15603674,803,France,Male,36,1,0,2,1,1,149370.93
9932,9932,15647800,850,France,Female,34,6,101266.51,1,1,0,33501.98
9940,9940,15808971,693,Spain,Female,57,9,0,2,1,1,135502.77
9942,9942,15676869,657,Spain,Male,36,8,0,2,0,1,123866.43
9958,9958,15672237,633,France,Male,25,1,0,1,1,0,100598.98
9961,9961,15681026,795,Germany,Female,33,9,104552.72,1,1,1,120853.83
9978,9978,15579969,683,France,Female,32,9,0,2,1,1,24991.92
